"sample_id","chrom","coord","clone_id","VAF"
"4974","A","1",172571221,2,0.647058824
"4975","A","17",2275690,2,0.333333333
"4976","G","11",75599940,2,0.909090909
"4977","A","11",75599940,2,0.903225806
"4978","H","11",75599940,2,0.888888889
"4979","A","1",29639195,4,0
"4980","C","11",75599940,2,0.888888889
"4981","F","17",2275690,2,1
"4982","A","8",104415396,2,0.87804878
"4983","F","4",169201551,2,0.80952381
"4984","D","8",73849957,2,0.769230769
"4985","E","11",75599940,2,0.882352941
"4986","D","17",2275690,2,0.75
"4987","A","8",73849957,2,0.666666667
"4988","G","13",43538257,2,0.7
"4989","D","13",43538257,2,0.777777778
"4990","D","4",169201551,2,0.75
"4991","C","17",2275690,2,1
"4992","H","13",43538257,2,0.722222222
"4993","J","17",2275690,2,0.625
"4994","A","4",169201551,2,0.9375
"4995","G","4",169201551,2,1
"4996","A","14",68120171,14,0.307692308
"4997","H","4",169201551,2,0.705882353
"4998","I","11",75599940,2,0.822222222
"4999","A","15",73617654,2,0.666666667
"5000","A","15",76168554,2,0.527777778
"5001","H","8",73849957,2,0.789473684
"5002","C","4",169201551,2,0.684210526
"5003","F","8",73849957,2,0.75
"5004","A","13",43538257,2,0.823529412
"5005","C","8",73849957,2,1
"5006","A","18",54359030,5,0
"5007","F","13",43538257,2,1
"5008","E","13",43538257,2,1
"5009","A","19",10078717,2,0.3
"5010","E","17",2275690,2,0.666666667
"5011","G","17",2275690,2,0.7
"5012","G","8",73849957,2,0.789473684
"5013","J","13",43538257,2,0.842105263
"5014","E","4",169201551,2,0.714285714
"5015","F","8",104415396,2,0.772277228
"5016","F","7",117375020,2,0.780487805
"5017","C","13",43538257,2,0.8
"5018","J","4",169201551,2,0.777777778
"5019","A","22",20760670,14,0.545454545
"5020","A","3",126751320,1,0
"5021","J","8",104415396,2,0.718309859
"5022","A","4",146824252,2,0.333333333
"5023","E","8",73849957,2,0.909090909
"5025","G","8",104415396,2,0.709677419
"5026","A","5",140712714,2,0.5
"5027","J","8",73849957,2,0.647058824
"5028","C","8",104415396,2,0.545454545
"5029","A","6",26017895,2,0.3125
"5031","I","8",104415396,2,0.595744681
"5032","H","8",104415396,2,0.711111111
"5033","E","8",104415396,2,0.689655172
"5034","D","8",104415396,2,0.729166667
"5035","A","13",95735408,2,0.594594595
"5036","I","17",2275690,2,0.538461538
"5037","I","13",43538257,2,0.571428571
"5038","H","12",123110771,2,0.617647059
"5039","A","X",134993427,2,1
"5040","A","X",48837715,2,0.6875
"5041","A","X",73965444,2,0.961538462
"5042","G","12",123110771,2,0.642857143
"5044","D","11",75599940,2,0.617647059
"5045","D","12",123110771,2,0.676470588
"5047","H","17",2275690,2,0.833333333
"5048","H","7",117375020,2,0.571428571
"5050","D","7",117375020,2,0.756756757
"5051","A","12",123110771,2,0.677419355
"5052","I","13",95735408,2,0.766666667
"5053","G","7",117375020,2,0.762711864
"5055","I","4",169201551,2,0.666666667
"5058","F","17",47696643,2,0.727272727
"5059","D","17",41142343,2,0.553571429
"5060","F","5",112478999,2,0.45
"5061","C","12",123110771,2,0.485714286
"5062","E","12",123110771,2,0.552631579
"5063","J","12",123110771,2,0.555555556
"5064","C","13",95735408,2,0.636363636
"5065","C","1",172571221,2,0.679245283
"5066","J","7",117375020,2,0.555555556
"5067","A","10",70666501,2,0.607142857
"5068","J","11",75599940,2,0.452380952
"5069","F","1",86453307,2,0.647058824
"5070","C","1",29639195,4,0
"5071","D","13",95735408,2,0.611111111
"5072","G","13",95735408,2,0.692307692
"5073","F","10",87628834,2,0.652173913
"5074","E","7",117375020,2,0.578947368
"5075","C","7",117375020,2,0.575757576
"5076","J","13",95735408,2,0.566037736
"5077","A","7",117375020,2,0.615384615
"5078","H","13",95735408,2,0.548387097
"5079","J","3",9798146,2,0.604166667
"5081","I","12",123110771,2,0.5
"5082","E","13",95735408,2,0.615384615
"5083","F","12",123110771,2,0.613636364
"5084","I","8",73849957,2,0.538461538
"5085","F","10",70666501,2,0.771428571
"5086","F","11",75599940,2,0.682926829
"5087","C","14",68120171,14,0.52
"5088","F","17",41142343,2,0.555555556
"5089","A","18",9255858,2,0.47826087
"5090","C","15",73617654,2,0.25
"5091","C","15",76168554,2,0.464285714
"5092","A","5",112478999,2,0.322580645
"5093","E","5",112478999,2,0.571428571
"5094","C","19",52033107,2,0.5
"5095","G","12",57556206,5,0.457142857
"5096","G","17",47696643,2,0.515151515
"5097","C","18",54359030,5,0.581395349
"5098","J","19",52033107,2,0.375
"5099","G","5",434261,5,0.5
"5100","C","19",10078717,2,0.533333333
"5101","G","15",71188277,8,0.5
"5102","A","12",20803441,14,0.472222222
"5103","F","19",52033107,2,0.636363636
"5104","A","1",26369117,2,0.583333333
"5105","G","18",9255858,2,0.382352941
"5106","D","1",86453307,2,0.419354839
"5107","C","10",87628834,2,0.304347826
"5108","D","15",48800902,2,0.428571429
"5109","H","18",9255858,2,0.516129032
"5110","C","22",20760670,14,0.4
"5111","C","3",126751320,1,0
"5112","H","10",87628834,2,0.263157895
"5113","C","4",146824252,2,0.619047619
"5114","D","10",74692242,14,0.56
"5115","D","15",71188277,8,0.481481481
"5116","D","17",47696643,2,0.333333333
"5117","C","5",140712714,2,0.294117647
"5118","H","1",86453307,2,0.466666667
"5119","A","21",43547906,2,0.666666667
"5120","C","6",26017895,2,0.214285714
"5122","E","1",86453307,2,0.461538462
"5123","F","21",43547906,2,0.304347826
"5124","G","14",21543066,14,0.35
"5125","D","18",9255858,2,0.514285714
"5126","F","13",95735408,2,0.484848485
"5127","E","21",43547906,2,0.277777778
"5128","G","1",26369117,2,0.5
"5129","A","1",86453307,2,0.325
"5130","C","X",134993427,2,0.8
"5131","C","X",48837715,2,1
"5132","C","X",73965444,2,0.846153846
"5133","G","19",12849387,2,0.4375
"5135","D","6",133077069,2,0.482758621
"5136","A","2",27303045,8,0.631578947
"5138","F","1",26369117,2,0.454545455
"5139","H","12",57556206,5,0.466666667
"5141","G","10",74692242,14,0.545454545
"5142","C","15",48800902,2,0.5
"5143","E","12",20803441,14,0.527777778
"5144","D","10",87628834,2,0.727272727
"5146","C","21",43547906,2,0.388888889
"5149","F","9",72758700,2,0.268292683
"5150","D","10",70666501,2,0.351351351
"5151","D","8",25265530,2,0.47826087
"5152","C","4",47939078,2,0.578947368
"5153","C","10",74692242,14,0.5
"5154","F","19",12849387,2,0.444444444
"5155","D","10",98742781,14,0.315789474
"5156","D","1",172571221,2,0.655172414
"5157","G","12",20803441,14,0.484848485
"5158","C","5",112478999,2,0.461538462
"5159","E","3",9798146,2,0.363636364
"5160","D","1",26369117,2,0.4
"5161","D","1",29639195,4,0
"5162","A","15",48800902,2,0.5
"5163","J","5",112478999,2,0.607142857
"5164","J","2",220364946,9,0.48
"5165","F","8",25265530,2,0.166666667
"5166","C","10",98742781,14,0.3125
"5167","G","10",98742781,14,0.482758621
"5168","G","2",27303045,8,0.448275862
"5169","D","21",43547906,2,0.304347826
"5170","E","5",434261,5,0.285714286
"5171","G","8",25265530,2,0.340425532
"5172","H","8",25265530,2,0.392857143
"5173","G","6",133077069,2,0.409090909
"5174","H","5",112478999,2,0.608695652
"5175","A","17",41142343,2,0.516129032
"5176","C","12",20803441,14,0.529411765
"5177","E","10",87628834,2,0.529411765
"5178","D","14",68120171,14,0.285714286
"5179","A","6",133077069,2,0.217391304
"5180","C","17",47696643,2,0.444444444
"5181","D","15",73617654,2,0.466666667
"5182","D","15",76168554,2,0.433333333
"5183","E","1",26369117,2,0.285714286
"5184","C","15",71188277,8,0.472222222
"5185","I","17",47696643,2,0.277777778
"5186","H","2",27303045,8,0.434782609
"5187","D","5",112478999,2,0.466666667
"5188","D","18",54359030,5,0
"5189","D","4",47939078,2,0.411764706
"5190","J","18",9255858,2,0.459459459
"5191","D","19",10078717,2,0.461538462
"5192","E","12",57556206,5,0.5625
"5193","F","4",47939078,2,0.534883721
"5194","C","14",21543066,14,0.3125
"5195","H","19",52033107,2,0.5
"5196","H","4",47939078,2,0.56
"5197","H","10",98742781,14,0.321428571
"5198","D","2",27303045,8,0.409090909
"5199","G","1",86453307,2,0.586206897
"5200","G","5",112478999,2,0.388888889
"5201","D","22",20760670,14,0.294117647
"5202","D","3",126751320,1,0
"5203","H","21",43547906,2,0.48
"5204","D","4",146824252,2,0.578947368
"5205","C","18",9255858,2,0.515151515
"5206","H","12",20803441,14,0.222222222
"5207","C","3",9798146,2,0.5
"5208","D","5",140712714,2,0.5625
"5209","I","10",70666501,2,0.333333333
"5210","H","6",133077069,2,0.545454545
"5211","D","6",26017895,2,0.375
"5213","G","21",43547906,2,0.459459459
"5214","J","4",47939078,2,0.404761905
"5215","I","19",52033107,2,0.5
"5216","G","10",87628834,2,0.333333333
"5217","H","17",47696643,2,0.551724138
"5218","E","17",47696643,2,0.636363636
"5219","H","10",70666501,2,0.588235294
"5220","D","17",71232594,2,0.378378378
"5221","D","X",134993427,2,1
"5222","D","X",48837715,2,0.923076923
"5223","D","X",73965444,2,0.916666667
"5224","E","4",47939078,2,0.454545455
"5226","A","10",87628834,2,0.538461538
"5227","E","15",71188277,8,0.526315789
"5229","A","3",9798146,2,0.347826087
"5230","G","3",9798146,2,0.571428571
"5232","H","17",71232594,2,0.344827586
"5233","C","5",434261,5,0.375
"5234","I","7",117375020,2,0.487179487
"5235","G","17",71232594,2,0.5
"5237","G","10",70666501,2,0.65
"5240","A","17",27493919,2,0.722222222
"5241","A","17",47696643,2,0.461538462
"5242","E","10",74692242,14,0.15
"5243","G","15",48800902,2,0.333333333
"5244","I","6",133077069,2,0.652173913
"5245","J","2",27303045,8,0.358974359
"5246","J","19",49442950,9,0.227272727
"5247","E","1",172571221,2,0.716666667
"5248","A","19",52033107,2,0.5
"5249","E","10",70666501,2,0.46875
"5250","J","1",65831790,9,0.285714286
"5251","H","15",48800902,2,0.380952381
"5252","E","1",29639195,4,0
"5253","H","17",41142343,2,0.5
"5254","C","10",70666501,2,0.4
"5255","E","19",52033107,2,0.363636364
"5256","I","18",9255858,2,0.344827586
"5257","D","19",52033107,2,0.416666667
"5258","D","3",9798146,2,0.611111111
"5259","J","15",71188277,8,0.333333333
"5260","A","15",71188277,8,0.457142857
"5261","H","15",71188277,8,0.625
"5262","J","10",87628834,2,0.37037037
"5263","J","17",41142343,2,0.461538462
"5264","H","10",74692242,14,0.375
"5265","E","19",12849387,2,0.5
"5266","C","2",27303045,8,0.5
"5267","E","8",25265530,2,0.571428571
"5268","J","1",86453307,2,0.461538462
"5269","E","14",68120171,14,0.5
"5270","H","1",26369117,2,0.4
"5271","A","4",47939078,2,0.479166667
"5272","E","15",73617654,2,0.6
"5273","E","15",76168554,2,0.375
"5274","E","17",71232594,2,0.433333333
"5275","A","8",25265530,2,0.380952381
"5276","E","10",98742781,14,0.347826087
"5277","I","2",27303045,8,0.260869565
"5278","J","1",17747287,9,0.40625
"5279","E","18",54359030,5,0.303030303
"5280","C","1",86453307,2,0.47826087
"5281","C","12",57556206,5,0.272727273
"5282","E","19",10078717,2,0.363636364
"5283","G","4",47939078,2,0.279069767
"5284","J","19",12849387,2,0.46875
"5285","J","2",88482599,9,0.413043478
"5286","H","17",27493919,2,0.388888889
"5287","J","21",43547906,2,0.425
"5288","I","8",25265530,2,0.291666667
"5289","C","17",71232594,2,0.5
"5290","I","10",87628834,2,0.391304348
"5291","E","6",133077069,2,0.517241379
"5292","E","22",20760670,14,0.5
"5293","E","3",126751320,1,0
"5294","G","19",52033107,2,0.571428571
"5295","E","4",146824252,2,0.565217391
"5296","H","5",434261,5,0.611111111
"5297","D","12",20803441,14,0.617647059
"5298","I","4",47939078,2,0.433333333
"5299","E","5",140712714,2,0.32
"5300","E","18",9255858,2,0.404761905
"5301","J","17",71232594,2,0.516129032
"5302","E","6",26017895,2,0.428571429
"5304","G","17",27493919,2,0.454545455
"5305","H","3",9798146,2,0.62962963
"5306","I","15",71188277,8,0.407407407
"5307","J","17",27493919,2,0.571428571
"5308","A","19",12849387,2,0.461538462
"5309","G","17",41142343,2,0.3
"5310","I","15",48800902,2,0.296296296
"5311","J","17",47696643,2,0.3
"5312","E","X",134993427,2,1
"5313","E","X",48837715,2,0.833333333
"5314","E","X",73965444,2,0.538461538
"5315","C","19",12849387,2,0.470588235
"5317","C","8",25265530,2,0.434782609
"5318","J","8",25265530,2,0.384615385
"5320","F","12",118673402,2,0.446808511
"5321","J","1",26369117,2,0.4
"5323","C","17",27493919,2,0.4
"5324","J","6",133077069,2,0.333333333
"5325","C","6",133077069,2,0.470588235
"5326","I","1",26369117,2,0.44
"5328","I","5",112478999,2,0.5
"5331","F","6",133077069,2,0.5
"5332","D","19",12849387,2,0.409090909
"5333","I","21",43547906,2,0.432432432
"5334","F","12",114189998,2,0.3125
"5335","I","17",41142343,2,0.391304348
"5336","I","3",9798146,2,0.421052632
"5337","H","14",21543066,14,0.32
"5338","F","1",172571221,2,0.583333333
"5339","J","15",48800902,2,0.405405405
"5340","C","1",26369117,2,0.4
"5341","A","17",71232594,2,0.512195122
"5342","E","14",21543066,14,0.153846154
"5343","F","1",29639195,4,0.315789474
"5344","E","15",48800902,2,0.3
"5345","J","10",70666501,2,0.363636364
"5346","I","17",71232594,2,0.555555556
"5347","A","10",98742781,14,0.307692308
"5348","E","17",41142343,2,0.266666667
"5350","I","20",32267636,1,0.45
"5352","C","17",41142343,2,0.294117647
"5353","I","1",86453307,2,0.4
"5355","I","19",12849387,2,0.5
"5356","H","19",12849387,2,0.424242424
"5358","I","17",27493919,2,0.407407407
"5359","E","2",27303045,8,0.52173913
"5360","F","14",68120171,14,0
"5361","G","12",114189998,2,0.367346939
"5362","D","14",21543066,14,0.391304348
"5363","F","15",73617654,2,0.846153846
"5364","F","15",76168554,2,0.538461538
"5366","E","17",27493919,2,0.538461538
"5367","C","12",114189998,2,0.185185185
"5368","A","12",118673402,2,0.19047619
"5369","G","7",106509420,2,0.157894737
"5370","F","18",54359030,5,0
"5371","C","12",118673402,2,0.291666667
"5372","D","12",118673402,2,0.342105263
"5373","F","19",10078717,2,0.565217391
"5374","A","6",47541818,14,0.264150943
"5375","F","15",48800902,2,0.482758621
"5376","C","9",72758700,2,0.358974359
"5377","A","9",72758700,2,0.296296296
"5378","J","12",118673402,2,0.369565217
"5379","D","6",47541818,14,0.225806452
"5380","F","3",9798146,2,0.117647059
"5381","D","12",114189998,2,0.35483871
"5382","J","9",72758700,2,0.318181818
"5383","F","22",20760670,14,0
"5384","F","3",126751320,1,0
"5386","F","4",146824252,2,0.25
"5387","F","18",9255858,2,0.333333333
"5388","H","9",72758700,2,0.375
"5389","E","12",118673402,2,0.266666667
"5390","F","5",140712714,2,0.263157895
"5391","E","7",106509420,2,0.388888889
"5393","F","6",26017895,2,0.230769231
"5396","D","17",27493919,2,0.173913043
"5397","G","6",47541818,14,0.428571429
"5398","G","9",72758700,2,0.25862069
"5399","J","12",114189998,2,0.136363636
"5400","D","9",72758700,2,0.225
"5401","E","6",47541818,14,0.25
"5402","F","1",192153671,2,0.361702128
"5403","F","X",134993427,2,0.8
"5404","F","X",48837715,2,0.9
"5405","F","X",73965444,2,0.962962963
"5406","J","7",106509420,2,0.3
"5408","I","9",72758700,2,0.282051282
"5411","G","12",118673402,2,0.339285714
"5412","C","6",47541818,14,0.274509804
"5414","I","8",136569796,2,0.276595745
"5415","A","7",106509420,2,0.348837209
"5416","E","9",72758700,2,0.305555556
"5417","A","12",114189998,2,0.41025641
"5419","I","7",106509420,2,0.361111111
"5422","I","11",63398851,1,0.310344828
"5423","H","12",114189998,2,0.295454545
"5424","D","7",106509420,2,0.291666667
"5425","F","7",106509420,2,0.294117647
"5427","H","6",47541818,14,0.393939394
"5428","F","17",71232594,2,0.225806452
"5429","G","1",172571221,2,0.716666667
"5430","E","12",114189998,2,0.173913043
"5431","A","14",21543066,14,0.346153846
"5432","H","7",106509420,2,0.452380952
"5433","I","12",114189998,2,0.142857143
"5434","G","1",29639195,4,0
"5437","C","7",106509420,2,0.37037037
"5438","H","12",118673402,2,0.323529412
"5439","A","8",136569796,2,0.261904762
"5441","H","1",27875875,5,0.230769231
"5443","F","17",27493919,2,0.111111111
"5444","G","8",136569796,2,0.279411765
"5446","I","12",118673402,2,0.1875
"5448","E","1",192153671,2,0.339285714
"5450","H","8",136569796,2,0.277777778
"5451","G","14",68120171,14,0.583333333
"5452","H","1",192153671,2,0.245283019
"5453","A","1",192153671,2,0.261538462
"5454","G","15",73617654,2,0.454545455
"5455","G","15",76168554,2,0.516129032
"5458","A","10",74692242,14,0.211538462
"5459","E","8",136569796,2,0.311111111
"5460","D","1",192153671,2,0.236842105
"5461","G","18",54359030,5,0.344827586
"5462","D","8",136569796,2,0.16
"5463","J","8",136569796,2,0.188679245
"5464","G","19",10078717,2,0.458333333
"5465","C","8",136569796,2,0.292682927
"5466","J","1",192153671,2,0.262295082
"5467","C","1",192153671,2,0.238095238
"5468","G","1",192153671,2,0.171875
"5469","F","8",136569796,2,0.23255814
"5470","I","1",192153671,2,0.177419355
"5474","G","22",20760670,14,0.615384615
"5475","G","3",126751320,1,0
"5477","G","4",146824252,2,0.413793103
"5481","G","5",140712714,2,0.358974359
"5484","G","6",26017895,2,0.222222222
"5486","E","1",27875875,5,1
"5489","G","1",27875875,5,0.227272727
"5494","G","X",134993427,2,0.894736842
"5495","G","X",48837715,2,1
"5496","G","X",73965444,2,0.888888889
"5500","C","1",27875875,5,NA
"5502","D","5",434261,5,0
"5503","D","12",57556206,5,0.041666667
"5505","E","20",32267636,1,0
"5507","J","5",434261,5,0
"5510","D","11",63398851,1,0
"5513","F","15",71188277,8,0
"5515","I","19",49442950,9,0
"5518","F","5",434261,5,0
"5520","H","1",172571221,2,0.680851064
"5521","I","10",98742781,14,0
"5523","G","11",63398851,1,0
"5524","A","1",27875875,5,0
"5525","H","1",29639195,4,0
"5526","J","10",74692242,14,0
"5527","I","12",20803441,14,0
"5528","F","2",27303045,8,0
"5530","F","10",74692242,14,0
"5532","A","1",17747287,9,0
"5533","A","19",11533506,13,0
"5535","A","12",57556206,5,0
"5536","F","11",63398851,1,0
"5537","D","1",65831790,9,0
"5538","F","12",20803441,14,0
"5539","A","11",63398851,1,0
"5542","H","14",68120171,14,0.263157895
"5545","H","15",73617654,2,0.5
"5546","H","15",76168554,2,0.3125
"5552","H","18",54359030,5,0.538461538
"5555","H","19",10078717,2,0.633333333
"5561","I","1",17747287,9,0
"5564","I","10",74692242,14,0
"5565","H","22",20760670,14,0.357142857
"5566","H","3",126751320,1,0
"5567","F","2",220364946,9,0
"5568","H","4",146824252,2,0.414634146
"5569","G","19",11533506,13,0
"5571","D","1",27875875,5,0
"5572","H","5",140712714,2,0.466666667
"5573","I","19",11533506,13,0
"5574","I","14",21543066,14,0
"5575","H","6",26017895,2,0.4
"5577","F","20",32267636,1,0
"5578","C","2",220364946,9,0
"5579","F","19",11533506,13,0
"5585","H","X",134993427,2,0.916666667
"5586","H","X",48837715,2,0.933333333
"5587","H","X",73965444,2,0.875
"5588","J","12",20803441,14,0
"5590","J","19",11533506,13,0
"5591","F","1",27875875,5,0
"5598","G","1",65831790,9,0
"5611","I","1",172571221,2,0.625
"5615","J","6",47541818,14,0
"5616","I","1",29639195,4,0
"5625","A","1",65831790,9,0
"5627","A","19",49442950,9,0
"5628","A","2",220364946,9,0
"5629","A","2",88482599,9,0
"5630","A","20",32267636,1,0
"5631","A","5",434261,5,0
"5633","I","14",68120171,14,0
"5636","I","15",73617654,2,0.384615385
"5637","I","15",76168554,2,0.588235294
"5643","I","18",54359030,5,0
"5646","I","19",10078717,2,0.5
"5648","C","1",17747287,9,0
"5649","C","1",65831790,9,0
"5650","C","11",63398851,1,0
"5652","C","19",11533506,13,1
"5653","C","19",49442950,9,0
"5654","C","2",88482599,9,0
"5655","C","20",32267636,1,0
"5656","I","22",20760670,14,0
"5657","I","3",126751320,1,0.235294118
"5659","I","4",146824252,2,0.269230769
"5663","I","5",140712714,2,0.387096774
"5666","I","6",26017895,2,0.25
"5671","D","1",17747287,9,0
"5673","D","19",11533506,13,0
"5674","D","19",49442950,9,0
"5675","D","2",220364946,9,0
"5676","I","X",134993427,2,0.636363636
"5677","I","X",48837715,2,0.9
"5678","I","X",73965444,2,0.777777778
"5679","D","2",88482599,9,0
"5681","D","20",32267636,1,0
"5697","E","1",17747287,9,0
"5698","E","1",65831790,9,0
"5699","E","11",63398851,1,0
"5701","E","19",11533506,13,0
"5702","J","1",172571221,2,0.711864407
"5703","E","19",49442950,9,0
"5704","E","2",220364946,9,0
"5705","E","2",88482599,9,0
"5707","J","1",29639195,4,0
"5714","F","1",17747287,9,0
"5715","F","1",65831790,9,0
"5716","F","10",98742781,14,0
"5717","F","12",57556206,5,0
"5718","F","14",21543066,14,0
"5720","F","19",49442950,9,0
"5721","F","2",88482599,9,0
"5722","F","6",47541818,14,0
"5724","J","14",68120171,14,0
"5727","J","15",73617654,2,0.722222222
"5728","J","15",76168554,2,0.414634146
"5730","G","1",17747287,9,0
"5731","G","19",49442950,9,0
"5732","G","2",220364946,9,0
"5733","G","2",88482599,9,0
"5734","J","18",54359030,5,0
"5735","G","20",32267636,1,0
"5737","J","19",10078717,2,0.382352941
"5743","H","1",17747287,9,0
"5744","H","1",65831790,9,0
"5745","H","11",63398851,1,0
"5746","H","19",11533506,13,0
"5747","J","22",20760670,14,0
"5748","J","3",126751320,1,0
"5749","H","19",49442950,9,0
"5750","J","4",146824252,2,0.387096774
"5751","H","2",220364946,9,0
"5752","H","2",88482599,9,0
"5753","H","20",32267636,1,0
"5754","J","5",140712714,2,0.375
"5757","J","6",26017895,2,0.266666667
"5767","J","X",134993427,2,0.956521739
"5768","J","X",48837715,2,0.833333333
"5769","J","X",73965444,2,1
"5773","I","1",27875875,5,0
"5775","I","1",65831790,9,0
"5776","I","12",57556206,5,0
"5779","I","2",220364946,9,0
"5780","I","2",88482599,9,0
"5781","I","5",434261,5,0
"5783","I","6",47541818,14,0
"5792","J","1",27875875,5,0.041666667
"5798","J","10",98742781,14,0
"5800","J","11",63398851,1,0
"5803","J","12",57556206,5,0
"5808","J","14",21543066,14,0
"5821","J","20",32267636,1,0
